species,env_rel_imp,anthro_rel_imp,biotic_rel_imp,env_bio_rel_imp,mpa_bio_rel_imp
Diplodus.annularis,0.8181796714563503,0,0.06532555037360208,0.07138733455972966,0.03718557375258294
Diplodus.puntazzo,0.1015897622524219,0.3405711968899691,0.18246545915159662,0.011046219742377874,0.33205680961027884
Diplodus.sargus,0.49893457803660424,0,0.2101073103825571,0.03994941027412468,0.19180454041150263
Diplodus.vulgaris,0.36403278460057326,0,0.2043898122713579,0.05512325885770017,0.296765150121668
