species,env_rel_imp,anthro_rel_imp,biotic_rel_imp,env_bio_rel_imp,mpa_bio_rel_imp
Epinephelus.costae,0.20075000212669866,0.010772750151803822,0.42613750844250803,0.059817188829664886,0.13282024437783505
Epinephelus.marginatus,0,0.7313960740642248,0.1515797074732799,0,0.04490714385777066
Serranus.cabrilla,0.9325962115792891,0.014667419196911254,0.02615503213235653,0,0
Serranus.scriba,0.8790644168246786,0.10370947212416692,0,0,0
